{
    "uvs": [[]], 
    "faces": [33, 0, 1, 5, 4, 0, 1, 2, 3, 32, 1, 6, 5, 4, 5, 6, 33, 1, 2, 7, 6, 7, 8, 9, 10, 32, 2, 8, 7, 11, 12, 13, 33, 2, 3, 9, 8, 14, 15, 16, 17, 32, 23, 11, 10, 18, 19, 20, 33, 5, 6, 12, 11, 21, 22, 23, 24, 33, 6, 7, 13, 12, 25, 26, 27, 28, 33, 7, 8, 14, 13, 29, 30, 31, 32, 32, 8, 9, 25, 33, 34, 35, 32, 10, 11, 17, 36, 37, 38, 32, 11, 12, 17, 39, 40, 41, 33, 12, 13, 18, 17, 42, 43, 44, 45, 32, 13, 14, 18, 46, 47, 48, 32, 14, 15, 18, 49, 50, 51, 33, 17, 18, 2, 1, 52, 53, 54, 55, 33, 3, 24, 25, 9, 56, 57, 58, 59, 33, 16, 22, 23, 10, 60, 61, 62, 63, 32, 16, 17, 20, 64, 65, 66, 32, 17, 1, 20, 67, 68, 69, 32, 1, 0, 20, 70, 71, 72, 32, 20, 22, 16, 73, 74, 75, 32, 18, 19, 21, 76, 77, 78, 32, 21, 24, 3, 79, 80, 81, 32, 3, 2, 21, 82, 83, 84, 32, 2, 18, 21, 85, 86, 87, 32, 0, 22, 20, 88, 89, 90, 33, 23, 22, 0, 4, 91, 92, 93, 94, 32, 4, 5, 23, 95, 96, 97, 32, 23, 5, 11, 98, 99, 100, 32, 19, 24, 21, 101, 102, 103, 33, 25, 24, 19, 15, 104, 105, 106, 107, 32, 8, 25, 14, 108, 109, 110, 32, 14, 25, 15, 111, 112, 113, 32, 18, 15, 19, 114, 115, 116, 32, 10, 17, 16, 117, 118, 119], 
    "vertices": [-1.15567625, 0.84442943, 0.34396186, -0.46877518, 0.76710355, 0.49499214, 0.46877518, 0.76710355, 0.49499214, 1.15567625, 0.84442943, 0.34396186, -0.96372151, 1.61642873, 0.16379701, -0.69953442, 1.72929239, 0.39730766, -0.44888997, 1.64649081, 0.4363032, 0.44888997, 1.64649081, 0.4363032, 0.69953442, 1.72929239, 0.39730766, 0.96372151, 1.61642873, 0.16379701, -0.843759, 1.61642873, -0.11605307, -0.69953442, 1.72929251, -0.05378428, -0.52549666, 1.64649081, 0.20620339, 0.52549666, 1.64649081, 0.20620339, 0.69953442, 1.72929251, -0.05378428, 0.843759, 1.61642873, -0.11605307, -0.93709528, 1.09779942, -0.21901223, -0.54877543, 0.76710355, 0.2646589, 0.54877543, 0.76710355, 0.2646589, 0.93709528, 1.09779942, -0.21901223, -1.24679053, -0.02323528, 0.22955504, 1.24679053, -0.02323528, 0.22955504, -1.29135358, 0.95288473, 0.10839096, -0.97980112, 1.69087124, -0.05902471, 1.28484964, 0.97912735, 0.05630182, 0.98037094, 1.69087124, -0.0567984], 
    "materials": [], 
    "normals": [-0.375671, 0.13841169, 0.91635877, -0.375671, 0.13841169, 0.91635877, -0.375671, 0.13841169, 0.91635877, -0.375671, 0.13841169, 0.91635877, -0.13108195, 0.06896639, 0.98896968, -0.13108195, 0.06896639, 0.98896968, -0.13108195, 0.06896639, 0.98896968, 0.0, 0.06659031, 0.99778032, 0.0, 0.06659031, 0.99778032, 0.0, 0.06659031, 0.99778032, 0.0, 0.06659031, 0.99778032, 0.13108194, 0.0689664, 0.98896968, 0.13108194, 0.0689664, 0.98896968, 0.13108194, 0.0689664, 0.98896968, 0.375671, 0.13841167, 0.91635877, 0.375671, 0.13841167, 0.91635877, 0.375671, 0.13841167, 0.91635877, 0.375671, 0.13841167, 0.91635877, -0.05804447, 0.5381006, -0.84087956, -0.05804447, 0.5381006, -0.84087956, -0.05804447, 0.5381006, -0.84087956, 0.38957581, 0.91995168, -0.0438114, 0.38957581, 0.91995168, -0.0438114, 0.38957581, 0.91995168, -0.0438114, 0.38957581, 0.91995168, -0.0438114, 0.0, 1.0, 1.3e-07, 0.0, 1.0, 1.3e-07, 0.0, 1.0, 1.3e-07, 0.0, 1.0, 1.3e-07, -0.38957581, 0.91995174, -0.0438114, -0.38957581, 0.91995174, -0.0438114, -0.38957581, 0.91995174, -0.0438114, -0.38957581, 0.91995174, -0.0438114, 0.58574909, 0.7535243, 0.29849461, 0.58574909, 0.7535243, 0.29849461, 0.58574909, 0.7535243, 0.29849461, 0.51389021, -0.19589399, -0.83518994, 0.51389021, -0.19589399, -0.83518994, 0.51389021, -0.19589399, -0.83518994, 0.82066196, -0.05950125, -0.56830758, 0.82066196, -0.05950125, -0.56830758, 0.82066196, -0.05950125, -0.56830758, 0.0, -0.06632663, -0.99779791, 0.0, -0.06632663, -0.99779791, 0.0, -0.06632663, -0.99779791, 0.0, -0.06632663, -0.99779791, -0.82066184, -0.05950124, -0.56830758, -0.82066184, -0.05950124, -0.56830758, -0.82066184, -0.05950124, -0.56830758, -0.51389009, -0.19589396, -0.83518994, -0.51389009, -0.19589396, -0.83518994, -0.51389009, -0.19589396, -0.83518994, 0.0, -1.0, 5e-08, 0.0, -1.0, 5e-08, 0.0, -1.0, 5e-08, 0.0, -1.0, 5e-08, 0.84666073, 0.36061972, 0.39130437, 0.84666073, 0.36061972, 0.39130437, 0.84666073, 0.36061972, 0.39130437, 0.84666073, 0.36061972, 0.39130437, -0.62319338, 0.16154651, -0.76520103, -0.62319338, 0.16154651, -0.76520103, -0.62319338, 0.16154651, -0.76520103, -0.62319338, 0.16154651, -0.76520103, 0.53145725, -0.43714771, -0.72557217, 0.53145725, -0.43714771, -0.72557217, 0.53145725, -0.43714771, -0.72557217, 0.73056209, -0.63395107, -0.2537418, 0.73056209, -0.63395107, -0.2537418, 0.73056209, -0.63395107, -0.2537418, -0.22474383, -0.10414626, 0.96883625, -0.22474383, -0.10414626, 0.96883625, -0.22474383, -0.10414626, 0.96883625, -0.64596272, -0.12300781, -0.75339305, -0.64596272, -0.12300781, -0.75339305, -0.64596272, -0.12300781, -0.75339305, -0.53145725, -0.43714768, -0.72557223, -0.53145725, -0.43714768, -0.72557223, -0.53145725, -0.43714768, -0.72557223, 0.90459597, 0.03902185, 0.42447999, 0.90459597, 0.03902185, 0.42447999, 0.90459597, 0.03902185, 0.42447999, 0.2247438, -0.10414631, 0.96883613, 0.2247438, -0.10414631, 0.96883613, 0.2247438, -0.10414631, 0.96883613, -0.73056215, -0.63395113, -0.25374171, -0.73056215, -0.63395113, -0.25374171, -0.73056215, -0.63395113, -0.25374171, -0.86156851, 0.02361097, 0.50709176, -0.86156851, 0.02361097, 0.50709176, -0.86156851, 0.02361097, 0.50709176, -0.8262912, 0.3727304, 0.42227322, -0.8262912, 0.3727304, 0.42227322, -0.8262912, 0.3727304, 0.42227322, -0.8262912, 0.3727304, 0.42227322, -0.58379203, 0.75646973, 0.29485646, -0.58379203, 0.75646973, 0.29485646, -0.58379203, 0.75646973, 0.29485646, -0.13581796, 0.99073374, 0.0, -0.13581796, 0.99073374, 0.0, -0.13581796, 0.99073374, 0.0, 0.57851303, -0.16020437, -0.79978567, 0.57851303, -0.16020437, -0.79978567, 0.57851303, -0.16020437, -0.79978567, 0.57022095, 0.17775816, -0.8020286, 0.57022095, 0.17775816, -0.8020286, 0.57022095, 0.17775816, -0.8020286, 0.57022095, 0.17775816, -0.8020286, 0.13554741, 0.99077082, 0.0, 0.13554741, 0.99077082, 0.0, 0.13554741, 0.99077082, 0.0, 0.06558776, 0.54498082, -0.83587921, 0.06558776, 0.54498082, -0.83587921, 0.06558776, 0.54498082, -0.83587921, -0.77499342, -0.01404471, -0.63181323, -0.77499342, -0.01404471, -0.63181323, -0.77499342, -0.01404471, -0.63181323, 0.77499336, -0.01404479, -0.63181323, 0.77499336, -0.01404479, -0.63181323, 0.77499336, -0.01404479, -0.63181323], 
    "metadata": {
        "formatVersion": 3.1, 
        "generatedBy": "Maya Exporter"
    }
}