{
    "uvs": [[0.375, 0.0, 0.625, 0.0, 0.375, 0.25, 0.625, 0.25, 0.375, 0.5, 0.625, 0.5, 0.375, 0.75, 0.625, 0.75, 0.375, 1.0, 0.625, 1.0, 0.875, 0.0, 0.875, 0.25, 0.125, 0.0, 0.125, 0.25, 0.5, 0.125, 0.5, 0.125]], 
    "animations": [{
        "hierarchy": [], 
        "length": 4.958333333333333, 
        "name": "skeletalAction.001", 
        "fps": 1
    }], 
    "faces": [40, 8, 1, 3, 14, 1, 3, 0, 1, 2, 41, 2, 3, 5, 4, 2, 3, 5, 4, 3, 4, 5, 6, 41, 4, 5, 7, 6, 4, 5, 7, 6, 7, 8, 9, 10, 41, 6, 7, 1, 0, 6, 7, 9, 8, 11, 12, 13, 14, 41, 1, 7, 5, 3, 1, 10, 11, 3, 15, 16, 17, 18, 41, 6, 0, 2, 4, 12, 0, 2, 13, 19, 20, 21, 22, 40, 2, 9, 3, 2, 15, 3, 3, 23, 4, 40, 0, 8, 2, 0, 14, 2, 24, 0, 25, 40, 0, 1, 8, 0, 1, 14, 24, 1, 0, 40, 2, 8, 9, 2, 14, 15, 26, 27, 28, 40, 8, 3, 9, 14, 3, 15, 29, 30, 31], 
    "vertices": [-0.5, 0.04420056, 0.02602599, 0.5, 0.04420056, 0.02602599, -0.5, 0.70065289, 0.01779236, 0.5, 0.70065289, 0.01779236, -0.5, 0.70065289, -0.03572517, 0.5, 0.70065289, -0.03572518, -0.5, 0.04420056, -0.03572517, 0.5, 0.04420056, -0.03572518, 0.0, 0.37242675, -0.00138783, 0.0, 0.37242675, 0.07030502], 
    "materials": [{
        "opacity": 0.0, 
        "colorDiffuse": [0.4000000059604645, 0.4000000059604645, 0.4000000059604645], 
        "depthWrite": true, 
        "blending": "NormalBlending", 
        "shading": "Lambert", 
        "DbgName": "lambert1", 
        "transparent": true, 
        "depthTest": true, 
        "vertexColors": false
    }], 
    "skinWeights": [0, 0, 0, 0, 0, 0, 0, 0, 0, 0, 0, 0, 0, 0, 0, 0, 0, 0, 0, 0, 0, 0, 0, 0, 0, 0, 0, 0, 0, 0, 0, 0, 0, 0, 0, 0, 0, 0, 0, 0], 
    "normals": [0.0, 0.29576159, 0.95526177, -0.26412424, 0.38013577, 0.88641703, -0.5232532, 0.09246406, 0.84714597, 0.0, 0.98478693, 0.17376569, 0.0, 0.98478693, 0.17376569, 0.0, 1.0, 0.0, 0.0, 0.99999994, 0.0, -9e-08, 0.0, -0.99999994, -9e-08, 0.0, -0.99999994, -9e-08, 0.0, -0.99999994, -9e-08, 0.0, -0.99999994, 0.0, -0.99999994, 0.0, 0.0, -0.99999994, 0.0, 0.0, -0.99999994, 0.0, 0.0, -0.99999994, 0.0, 1.0, 4e-08, 0.0, 1.0, 4e-08, 0.0, 1.0, 4e-08, 0.0, 0.99999982, 4e-08, 0.0, -0.99999994, 0.0, 0.0, -1.0, 0.0, 0.0, -0.99999994, 0.0, 0.0, -0.99999994, 0.0, 0.0, 0.0, 0.81220341, 0.58337426, 0.26412424, 0.38013577, 0.88641703, 0.5232532, 0.09246406, 0.84714597, -0.70710671, -0.70710671, 0.0, -0.70710683, -0.70710689, 0.0, -0.70710677, -0.70710677, 0.0, 0.70710683, -0.70710689, 0.0, 0.70710671, -0.70710671, 0.0, 0.70710677, -0.70710677, 0.0], 
    "bones": [], 
    "skinIndices": [0, 0, 0, 0, 0, 0, 0, 0, 0, 0, 0, 0, 0, 0, 0, 0, 0, 0, 0, 0, 0, 0, 0, 0, 0, 0, 0, 0, 0, 0, 0, 0, 0, 0, 0, 0, 0, 0, 0, 0], 
    "influencesPerVertex": 4, 
    "metadata": {
        "formatVersion": 3.1, 
        "generatedBy": "Maya Exporter"
    }
}